;movie_name;description;director_name;rating;genre_list;stars_actors_list;user_reviews;critic_reviews;metascore;country_release_date;release_date;duration;filming_dates_initial;filming_dates_final
0;El padrino;An organized crime dynasty's aging patriarch transfers control of his clandestine empire to his reluctant son.;Francis Ford Coppola;9.2;['Crime', 'Drama'];['Marlon Brando', 'Al Pacino', 'James Caan', 'Diane Keaton', 'Richard S. Castellano', 'Robert Duvall', 'Sterling Hayden', 'John Marley', 'Richard Conte', 'Al Lettieri', 'Abe Vigoda', 'Talia Shire', 'Gianni Russo', 'John Cazale', 'Rudy Bond', 'Al Martino', 'Morgana King', 'Lenny Montana'];4.6K;267;100;"USA
";14 March 1972;175;29 March 1971;6 August 1971
1;El padrino: Parte II;The early life and career of Vito Corleone in 1920s New York City is portrayed, while his son, Michael, expands and tightens his grip on the family crime syndicate.;Francis Ford Coppola;9.0;['Crime', 'Drama'];['Al Pacino', 'Robert De Niro', 'Robert Duvall', 'Diane Keaton', 'John Cazale', 'Talia Shire', 'Lee Strasberg', 'Michael V. Gazzo', 'G.D. Spradlin', 'Richard Bright', 'Gastone Moschin', 'Tom Rosqui', 'Bruno Kirby', 'Frank Sivero', 'Francesca De Sapio', 'Morgana King', 'Marianna Hill', 'Leopoldo Trieste'];1.2K;189;90;"USA
";12 December 1974;202;1 October 1973;19 June 1974
2;El caballero oscuro;When the menace known as the Joker wreaks havoc and chaos on the people of Gotham, Batman must accept one of the greatest psychological and physical tests of his ability to fight injustice.;Christopher Nolan;9.0;['Action', 'Crime', 'Drama'];['Christian Bale', 'Heath Ledger', 'Aaron Eckhart', 'Michael Caine', 'Maggie Gyllenhaal', 'Gary Oldman', 'Morgan Freeman', 'Monique Gabriela Curnen', 'Ron Dean', 'Cillian Murphy', 'Chin Han', 'Nestor Carbonell', 'Eric Roberts', 'Ritchie Coster', 'Anthony Michael Hall', 'Keith Szarabajka', 'Colin McFarlane', 'Joshua Harto'];7.6K;434;84;"Argentina
";14 July 2008;152;18 April 2007;11 November 2007
3;Pulp Fiction;The lives of two mob hitmen, a boxer, a gangster and his wife, and a pair of diner bandits intertwine in four tales of violence and redemption.;Quentin Tarantino;8.9;['Crime', 'Drama'];['John Travolta', 'Uma Thurman', 'Samuel L. Jackson', 'Bruce Willis', 'Tim Roth', 'Amanda Plummer', 'Laura Lovelace', 'Phil LaMarr', 'Frank Whaley', 'Burr Steers', 'Ving Rhames', 'Paul Calderon', 'Bronagh Gallagher', 'Rosanna Arquette', 'Eric Stoltz', 'Jerome Patrick Hoban', 'Michael Gilden', 'Gary Shorelle'];3.3K;301;94;"France
";21 May 1994;154;20 September 1993;30 November 1993
4;Heat;A group of high-end professional thieves start to feel the heat from the LAPD when they unknowingly leave a clue at their latest heist.;Michael Mann;8.2;['Crime', 'Drama', 'Thriller'];['Al Pacino', 'Robert De Niro', 'Val Kilmer', 'Jon Voight', 'Tom Sizemore', 'Diane Venora', 'Amy Brenneman', 'Ashley Judd', 'Mykelti Williamson', 'Wes Studi', 'Ted Levine', 'Dennis Haysbert', 'William Fichtner', 'Natalie Portman', 'Tom Noonan', 'Kevin Gage', 'Hank Azaria', 'Susan Traylor'];1.1K;224;76;"USA
";6 December 1995;170;21 February 1995;19 July 1995
5;El profesional (Léon);Mathilda, a 12-year-old girl, is reluctantly taken in by Léon, a professional assassin, after her family is murdered. An unusual relationship forms as she becomes his protégée and learns the assassin's trade.;Luc Besson;8.5;['Action', 'Crime', 'Drama'];['Jean Reno', 'Gary Oldman', 'Natalie Portman', 'Danny Aiello', 'Peter Appel', 'Willi One Blood', 'Don Creech', 'Keith A. Glascoe', 'Randolph Scott', 'Michael Badalucco', 'Ellen Greene', 'Elizabeth Regen', 'Carl J. Matusovich', 'Frank Senger', 'Lucius Wyatt Cherokee', 'Eric Challier', 'Luc Bernard', 'Maïwenn'];1.3K;148;64;"France
";14 September 1994;110;1 June 1993;7 October 1993
6;Gladiator (El gladiador);A former Roman General sets out to exact vengeance against the corrupt emperor who murdered his family and sent him into slavery.;Ridley Scott;8.5;['Action', 'Adventure', 'Drama'];['Russell Crowe', 'Joaquin Phoenix', 'Connie Nielsen', 'Oliver Reed', 'Richard Harris', 'Derek Jacobi', 'Djimon Hounsou', 'David Schofield', 'John Shrapnel', 'Tomas Arana', 'Ralf Moeller', 'Spencer Treat Clark', 'David Hemmings', 'Tommy Flanagan', 'Sven-Ole Thorsen', 'Omid Djalili', 'Nicholas McGaughey', 'Chris Kell'];2.7K;219;67;"USA
";1 May 2000;155;18 January 1999;29 May 1999
7;La lista de Schindler;In German-occupied Poland during World War II, industrialist Oskar Schindler gradually becomes concerned for his Jewish workforce after witnessing their persecution by the Nazis.;Steven Spielberg;8.9;['Biography', 'Drama', 'History'];['Liam Neeson', 'Ralph Fiennes', 'Ben Kingsley', 'Caroline Goodall', 'Jonathan Sagall', 'Embeth Davidtz', 'Malgorzata Gebel', 'Shmuel Levy', 'Mark Ivanir', 'Béatrice Macola', 'Andrzej Seweryn', 'Friedrich von Thun', 'Krzysztof Luft', 'Harry Nehring', 'Norbert Weisser', 'Adi Nitzan', 'Michael Schneider', 'Miri Fabian'];2K;170;94;"USA
";30 November 1993;195;1 March 1993;11 May 1993
8;Titanic;A seventeen-year-old aristocrat falls in love with a kind but poor artist aboard the luxurious, ill-fated R.M.S. Titanic.;James Cameron;7.8;['Drama', 'Romance'];['Leonardo DiCaprio', 'Kate Winslet', 'Billy Zane', 'Kathy Bates', 'Frances Fisher', 'Gloria Stuart', 'Bill Paxton', 'Bernard Hill', 'David Warner', 'Victor Garber', 'Jonathan Hyde', 'Suzy Amis', 'Lewis Abernathy', 'Nicholas Cascone', 'Anatoly M. Sagalevitch', 'Danny Nucci', 'Jason Barry', 'Ewan Stewart'];3K;337;75;"Japan
";1 November 1997;194;31 July 1996;23 March 1997
9;Crash (Colisión);Los Angeles citizens with vastly separate lives collide in interweaving stories of race, loss and redemption.;Paul Haggis;7.7;['Crime', 'Drama', 'Thriller'];['Don Cheadle', 'Sandra Bullock', 'Thandiwe Newton', 'Karina Arroyave', 'Dato Bakhtadze', 'Art Chudabala', 'Sean Cory', 'Tony Danza', 'Keith David', 'Loretta Devine', 'Matt Dillon', 'Jennifer Esposito', 'Ime Etuk', 'Eddie J. Fernandez', 'William Fichtner', 'Howard Fong', 'Brendan Fraser', 'Billy Gallo'];1.7K;290;66;"Canada
";10 September 2004;112;8 December 2003;31 January 2004
10;El señor de los anillos: La comunidad del anillo;A meek Hobbit from the Shire and eight companions set out on a journey to destroy the powerful One Ring and save Middle-earth from the Dark Lord Sauron.;Peter Jackson;8.8;['Action', 'Adventure', 'Drama'];['Elijah Wood', 'Ian McKellen', 'Orlando Bloom', 'Sean Bean', 'Alan Howard', 'Noel Appleby', 'Sean Astin', 'Sala Baker', 'Cate Blanchett', 'Billy Boyd', 'Marton Csokas', 'Megan Edwards', 'Michael Elsworth', 'Mark Ferguson', 'Ian Holm', 'Christopher Lee', 'Lawrence Makoare', 'Andy Serkis'];5.5K;200;92;"UK
";10 December 2001;178;11 October 1999;22 December 2000
11;Salvar al soldado Ryan;Following the Normandy Landings, a group of U.S. soldiers go behind enemy lines to retrieve a paratrooper whose brothers have been killed in action.;Steven Spielberg;8.6;['Drama', 'War'];['Tom Hanks', 'Matt Damon', 'Tom Sizemore', 'Edward Burns', 'Barry Pepper', 'Adam Goldberg', 'Vin Diesel', 'Giovanni Ribisi', 'Jeremy Davies', 'Ted Danson', 'Paul Giamatti', 'Dennis Farina', 'Joerg Stadler', 'Max Martini', 'Dylan Bruno', 'Daniel Cerqueira', 'Demetri Goritsas', 'Ian Porter'];2.7K;276;91;"USA
";21 July 1998;169;27 June 1997;13 September 1997
12;El señor de los anillos: El retorno del rey;Gandalf and Aragorn lead the World of Men against Sauron's army to draw his gaze from Frodo and Sam as they approach Mount Doom with the One Ring.;Peter Jackson;8.9;['Action', 'Adventure', 'Drama'];['Elijah Wood', 'Viggo Mortensen', 'Ian McKellen', 'Orlando Bloom', 'Noel Appleby', 'Ali Astin', 'Sean Astin', 'David Aston', 'John Bach', 'Sean Bean', 'Cate Blanchett', 'Billy Boyd', 'Sadwyn Brophy', 'Alistair Browning', 'Marton Csokas', 'Richard Edge', 'Jason Fitch', 'Bernard Hill'];3.9K;360;94;"New Zealand
";1 December 2003;201;11 October 1999;22 December 2000
13;Infiltrados;An undercover cop and a mole in the police attempt to identify each other while infiltrating an Irish gang in South Boston.;Martin Scorsese;8.5;['Crime', 'Drama', 'Thriller'];"['Leonardo DiCaprio', 'Matt Damon', 'Jack Nicholson', 'Mark Wahlberg', 'Martin Sheen', 'Ray Winstone', 'Vera Farmiga', 'Anthony Anderson', 'Alec Baldwin', 'Kevin Corrigan', 'James Badge Dale', ""David O'Hara"", 'Mark Rolston', 'Robert Wahlberg', 'Kristen Dalton', 'Thomas B. Duffy', 'Richard Hughes', 'J.C. MacKenzie']";2.4K;302;85;"USA
";26 September 2006;151;21 April 2005;27 August 2005
14;El señor de los anillos: Las dos torres;While Frodo and Sam edge closer to Mordor with the help of the shifty Gollum, the divided fellowship makes a stand against Sauron's new ally, Saruman, and his hordes of Isengard.;Peter Jackson;8.7;['Action', 'Adventure', 'Drama'];['Elijah Wood', 'Ian McKellen', 'Viggo Mortensen', 'Orlando Bloom', 'Bruce Allpress', 'Sean Astin', 'John Bach', 'Sala Baker', 'Cate Blanchett', 'Billy Boyd', 'Jed Brophy', 'Sam Comery', 'Brad Dourif', 'Calum Gittins', 'Bernard Hill', 'Bruce Hopkins', 'Paris Howe Strewe', 'Christopher Lee'];2.6K;327;87;"USA
";5 December 2002;179;11 October 1999;22 December 2000
15;Cadena perpetua;Two imprisoned men bond over a number of years, finding solace and eventual redemption through acts of common decency.;Frank Darabont;9.3;['Drama'];['Tim Robbins', 'Morgan Freeman', 'Bob Gunton', 'William Sadler', 'Clancy Brown', 'Gil Bellows', 'Mark Rolston', 'James Whitmore', 'Jeffrey DeMunn', 'Larry Brandenburg', 'Neil Giuntoli', 'Brian Libby', 'David Proval', 'Joseph Ragno', 'Jude Ciccolella', 'Paul McCrane', 'Renee Blaine', 'Scott Mann'];9.5K;192;80;"Canada
";10 September 1994;142;16 June 1993;10 September 1993
16;Cisne negro;"A committed dancer struggles to maintain her sanity after winning the lead role in a production of Tchaikovsky's ""Swan Lake"".";Darren Aronofsky;8.0;['Drama', 'Thriller'];"['Natalie Portman', 'Mila Kunis', 'Vincent Cassel', 'Winona Ryder', 'Barbara Hershey', 'Benjamin Millepied', 'Ksenia Solo', 'Kristina Anapau', 'Janet Montgomery', 'Sebastian Stan', 'Toby Hemingway', 'Sergio Torrado', 'Mark Margolis', 'Tina Sloan', 'Abraham Aronofsky', 'Charlotte Aronofsky', 'Marcia Jean Kurtz', ""Shaun O'Hagan""]";1.3K;709;79;"Italy
";1 September 2010;108;1 December 2009;14 February 2010
17;El club de la lucha;An insomniac office worker and a devil-may-care soap maker form an underground fight club that evolves into much more.;David Fincher;8.8;['Drama'];"['Brad Pitt', 'Edward Norton', 'Meat Loaf', 'Zach Grenier', 'Richmond Arquette', 'David Andrews', 'George Maguire', 'Eugenie Bondurant', 'Helena Bonham Carter', 'Christina Cabot', ""Sydney 'Big Dawg' Colston"", 'Rachel Singer', 'Christie Cronenweth', 'Tim DeZarn', 'Ezra Buzzington', 'Dierdre Downing-Jackson', 'Bob Stephenson', 'Charlie Dell']";4K;383;66;"Italy
";10 September 1999;139;1 June 1998;11 December 1998
18;No es país para viejos;Violence and mayhem ensue after a hunter stumbles upon a drug deal gone wrong and more than two million dollars in cash near the Rio Grande.;Ethan Coen;8.1;['Crime', 'Drama', 'Thriller'];['Tommy Lee Jones', 'Javier Bardem', 'Josh Brolin', 'Woody Harrelson', 'Kelly Macdonald', 'Garret Dillahunt', 'Tess Harper', 'Barry Corbin', 'Stephen Root', 'Rodger Boyce', 'Beth Grant', 'Ana Reeder', 'Kit Gwin', 'Zach Hopkins', 'Chip Love', 'Eduardo Antonio Garcia', 'Gene Jones', 'Myk Watford'];2K;530;91;"France
";19 May 2007;122;23 May 2006;16 August 2006
19;Children of Heaven;"After a boy loses his sister's pair of shoes, he goes on a series of adventures in order to find them. When he can't, he tries a new way to ""win"" a new pair.";Majid Majidi;8.3;['Drama', 'Family', 'Sport'];['Mohammad Amir Naji', 'Amir Farrokh Hashemian', 'Bahare Seddiqi', 'Nafise Jafar-Mohammadi', 'Fereshte Sarabandi', 'Kamal Mirkarimi', 'Behzad Rafi', 'Dariush Mokhtari', 'Mohammad-Hasan Hosseinian', 'Masume Dair', 'Kambiz Peykarnegar', 'Hasan Roohparvari', 'Abbas-Ali Roomandi', 'Jafar Seyfollahi', 'Qolamreza Maleki', 'Zahra Mirzai', 'Sara Zamani', 'Mohammad Haj-Hosseini'];198;62;77;"Iran
";  1997;89;;
20;Érase una vez en... Hollywood;A faded television actor and his stunt double strive to achieve fame and success in the final years of Hollywood's Golden Age in 1969 Los Angeles.;Quentin Tarantino;7.6;['Comedy', 'Drama'];['Leonardo DiCaprio', 'Brad Pitt', 'Margot Robbie', 'Emile Hirsch', 'Margaret Qualley', 'Timothy Olyphant', 'Julia Butters', 'Austin Butler', 'Dakota Fanning', 'Bruce Dern', 'Mike Moh', 'Luke Perry', 'Damian Lewis', 'Al Pacino', 'Nicholas Hammond', 'Samantha Robinson', 'Rafal Zawierucha', 'Lorenza Izzo'];5.5K;645;83;"France
";21 May 2019;161;18 June 2018;1 November 2018
21;Toro salvaje;The life of boxer Jake LaMotta, whose violence and temper that led him to the top in the ring destroyed his life outside of it.;Martin Scorsese;8.2;['Biography', 'Drama', 'Sport'];['Robert De Niro', 'Cathy Moriarty', 'Joe Pesci', 'Frank Vincent', 'Nicholas Colasanto', 'Theresa Saldana', 'Mario Gallo', 'Frank Adonis', 'Joseph Bono', 'Frank Topham', 'Lori Anne Flax', 'Charles Scorsese', 'Don Dunphy', 'Bill Hanrahan', 'Rita Bennett', 'James V. Christy', 'Bernie Allen', 'Floyd Anderson'];640;154;89;"USA
";13 November 1980;129;16 April 1979;December 1979
22;Traidor en el infierno;When two escaping American World War II prisoners are killed, the German P.O.W. camp barracks black marketeer, J.J. Sefton, is suspected of being an informer.;Billy Wilder;8.0;['Comedy', 'Drama', 'War'];['William Holden', 'Don Taylor', 'Otto Preminger', 'Robert Strauss', 'Harvey Lembeck', 'Richard Erdman', 'Peter Graves', 'Neville Brand', 'Sig Ruman', 'Michael Moore', 'Peter Baldwin', 'Robinson Stone', 'Robert Shawley', 'William Pierson', 'Gil Stratton', 'Jay Lawrence', 'Erwin Kalser', 'Edmund Trzcinski'];169;104;84;"UK
";29 May 1953;120;4 February 1952;29 March 1952
23;La milla verde;The lives of guards on Death Row are affected by one of their charges: a black man accused of child murder and rape, yet who has a mysterious gift.;Frank Darabont;8.6;['Crime', 'Drama', 'Fantasy'];['Tom Hanks', 'Michael Clarke Duncan', 'David Morse', 'Bonnie Hunt', 'James Cromwell', 'Michael Jeter', 'Graham Greene', 'Doug Hutchison', 'Sam Rockwell', 'Barry Pepper', 'Jeffrey DeMunn', 'Patricia Clarkson', 'Harry Dean Stanton', 'Dabbs Greer', 'Eve Brent', 'William Sadler', 'Mack Miles', 'Rai Tasco'];1.9K;213;61;"USA
";6 December 1999;189;;
24;Mulholland Drive;After a car wreck on the winding Mulholland Drive renders a woman amnesiac, she and a perky Hollywood-hopeful search for clues and answers across Los Angeles in a twisting venture beyond dreams and reality.;David Lynch;7.9;['Drama', 'Mystery', 'Thriller'];['Naomi Watts', 'Laura Harring', 'Justin Theroux', 'Jeanne Bates', 'Dan Birnbaum', 'Randall Wulff', 'Robert Forster', 'Brent Briscoe', 'Maya Bond', 'Patrick Fischler', 'Michael Cooke', 'Bonnie Aarons', 'Michael J. Anderson', 'Joseph Kearney', 'Enrique Buelna', 'Richard Mead', 'Sean Everett', 'Ann Miller'];2K;248;85;"France
";16 May 2001;147;8 February 1999;29 March 1999
25;Million Dollar Baby;A determined woman works with a hardened boxing trainer to become a professional.;Clint Eastwood;8.1;['Drama', 'Sport'];"['Hilary Swank', 'Clint Eastwood', 'Morgan Freeman', 'Jay Baruchel', 'Mike Colter', 'Lucia Rijker', ""Brían F. O'Byrne"", 'Anthony Mackie', 'Margo Martindale', 'Riki Lindhome', 'Michael Peña', 'Benito Martinez', 'Bruce MacVittie', 'David Powledge', ""Joe D'Angerio"", 'Marcus Chait', 'Tom McCleister', 'Erica Grant']";1.2K;271;86;"USA
";5 December 2004;132;7 June 2004;14 July 2004
26;Tarde de perros;Three amateur bank robbers plan to hold up a bank. A nice simple robbery: Walk in, take the money, and run. Unfortunately, the supposedly uncomplicated heist suddenly becomes a bizarre nightmare as everything that could go wrong does.;Sidney Lumet;8.0;['Biography', 'Crime', 'Drama'];['Al Pacino', 'John Cazale', 'Penelope Allen', 'Sully Boyar', 'Beulah Garrick', 'Carol Kane', 'Sandra Kazan', 'Marcia Jean Kurtz', 'Amy Levitt', 'John Marriott', 'Estelle Omens', 'Gary Springer', 'James Broderick', 'Charles Durning', 'Carmine Foresta', 'Lance Henriksen', 'Floyd Levine', 'Dick Anthony Williams'];347;93;86;"Spain
";19 September 1975;125;September 1974;November 1974
27;El pianista;A Polish Jewish musician struggles to survive the destruction of the Warsaw ghetto of World War II.;Roman Polanski;8.5;['Biography', 'Drama', 'Music'];['Adrien Brody', 'Thomas Kretschmann', 'Frank Finlay', 'Emilia Fox', 'Michal Zebrowski', 'Ed Stoppard', 'Maureen Lipman', 'Jessica Kate Meyer', 'Julia Rayner', 'Wanja Mues', 'Richard Ridings', 'Nomi Sharron', 'Anthony Milner', 'Lucy Skeaping', 'Roddy Skeaping', 'Ben Harlan', 'Thomas Lawinky', 'Joachim Paul Assböck'];1K;136;85;"France
";24 May 2002;150;19 February 2001;July 2001
28;Amores perros;A horrific car accident connects three stories, each involving characters dealing with loss, regret, and life's harsh realities, all in the name of love.;Alejandro G. Iñárritu;8.1;['Drama', 'Thriller'];['Emilio Echevarría', 'Gael García Bernal', 'Goya Toledo', 'Álvaro Guerrero', 'Vanessa Bauche', 'Jorge Salinas', 'Marco Pérez', 'Rodrigo Murray', 'Humberto Busto', 'Gerardo Campbell', 'Rosa María Bianchi', 'Dunia Saldívar', 'Adriana Barraza', 'José Sefami', 'Lourdes Echevarría', 'Laura Almela', 'Ricardo Dalmacci', 'Gustavo Sánchez Parra'];415;169;83;"France
";14 May 2000;154;;
29;Novecento;The epic tale of a class struggle in twentieth century Italy, as seen through the eyes of two childhood friends on opposing sides.;Bernardo Bertolucci;7.7;['Drama', 'History'];['Robert De Niro', 'Gérard Depardieu', 'Dominique Sanda', 'Francesca Bertini', 'Laura Betti', 'Werner Bruhns', 'Stefania Casini', 'Sterling Hayden', 'Anna Henkel-Grönemeyer', 'Ellen Schwiers', 'Alida Valli', 'Romolo Valli', 'Bianca Magliacca', 'Giacomo Rizzo', 'Pippo Campanini', 'Paolo Pavesi', 'Roberto Maccanti', 'Antonio Piovanelli'];113;68;70;"France
";21 May 1976;245;29 July 1974;4 May 1975
30;Alguien voló sobre el nido del cuco;A criminal pleads insanity and is admitted to a mental institution, where he rebels against the oppressive nurse and rallies up the scared patients.;Milos Forman;8.7;['Drama'];['Jack Nicholson', 'Louise Fletcher', 'Michael Berryman', 'Peter Brocco', 'Dean R. Brooks', 'Alonzo Brown', 'Scatman Crothers', 'Mwako Cumbuka', 'Danny DeVito', 'William Duell', 'Josip Elic', 'Lan Fendors', 'Nathan George', 'Ken Kenny', 'Mel Lambert', 'Sydney Lassick', 'Kay Lee', 'Christopher Lloyd'];1K;186;84;"France
";November 1975;133;;
31;Gran Torino;Disgruntled Korean War veteran Walt Kowalski sets out to reform his neighbor, Thao Lor, a Hmong teenager who tried to steal Kowalski's prized possession: a 1972 Gran Torino.;Clint Eastwood;8.1;['Drama'];['Clint Eastwood', 'Bee Vang', 'Christopher Carley', 'Ahney Her', 'Brian Haley', 'Geraldine Hughes', 'Dreama Walker', 'Brian Howe', 'John Carroll Lynch', 'William Hill', 'Brooke Chia Thao', 'Chee Thao', 'Choua Kue', 'Scott Eastwood', 'Xia Soua Chang', 'Sonny Vue', 'Doua Moua', 'Greg Trzaskoma'];1K;378;72;"USA
";9 December 2008;116;;
32;Forrest Gump;The presidencies of Kennedy and Johnson, the Vietnam War, the Watergate scandal and other historical events unfold from the perspective of an Alabama man with an IQ of 75, whose only desire is to be reunited with his childhood sweetheart.;Robert Zemeckis;8.8;['Drama', 'Romance'];['Tom Hanks', 'Robin Wright', 'Gary Sinise', 'Sally Field', 'Rebecca Williams', 'Michael Conner Humphreys', 'Harold G. Herthum', 'George Kelly', 'Bob Penny', 'John Randall', 'Sam Anderson', 'Margo Moorer', 'Ione M. Telech', 'Christine Seabrook', 'John Worsham', 'Peter Dobson', 'Siobhan Fallon Hogan', 'Alexander Zemeckis'];2.7K;170;82;"Mexico
";23 June 1994;142;27 August 1993;9 December 1993
33;American Beauty;A sexually frustrated suburban father has a mid-life crisis after becoming infatuated with his daughter's best friend.;Sam Mendes;8.3;['Drama'];['Kevin Spacey', 'Annette Bening', 'Thora Birch', 'Wes Bentley', 'Mena Suvari', 'Peter Gallagher', 'Allison Janney', 'Chris Cooper', 'Scott Bakula', 'Sam Robards', 'Barry Del Sherman', 'Ara Celi', 'John Cho', 'Fort Atkinson', 'Sue Casey', 'Kent Faulcon', 'Brenda Wehle', 'Lisa Cloud'];2.9K;208;84;"USA
";8 September 1999;122;14 December 1998;25 February 1999
34;El resplandor;A family heads to an isolated hotel for the winter where a sinister presence influences the father into violence, while his psychic son sees horrific forebodings from both past and future.;Stanley Kubrick;8.4;['Drama', 'Horror'];['Jack Nicholson', 'Shelley Duvall', 'Danny Lloyd', 'Scatman Crothers', 'Barry Nelson', 'Philip Stone', 'Joe Turkel', 'Anne Jackson', 'Tony Burton', 'Lia Beldam', 'Billie Gibson', 'Barry Dennen', 'David Baxt', 'Manning Redwood', 'Lisa Burns', 'Louise Burns', 'Robin Pappas', 'Alison Coleridge'];2K;361;66;"Turkey
";23 May 1980;144;1 May 1978;April 1979
35;Papillon;A man befriends a fellow criminal as the two of them begin serving their sentence on a dreadful prison island, which inspires the man to plot his escape.;Franklin J. Schaffner;8.0;['Biography', 'Crime', 'Drama'];['Steve McQueen', 'Dustin Hoffman', 'Victor Jory', 'Don Gordon', 'Anthony Zerbe', 'Robert Deman', 'Woodrow Parfrey', 'Bill Mumy', 'George Coulouris', 'Ratna Assan', 'William Smithers', 'Val Avery', 'Gregory Sierra', 'Vic Tayback', 'Mills Watson', 'Ron Soble', 'Barbara Morrison', 'Don Hanmer'];227;80;58;"USA
";16 December 1973;151;19 February 1973;4 June 1973
36;Eyes Wide Shut;A New York City doctor embarks on a harrowing, night-long odyssey of sexual and moral discovery after his wife reveals a painful secret to him.;Stanley Kubrick;7.4;['Drama', 'Mystery', 'Thriller'];['Tom Cruise', 'Nicole Kidman', 'Todd Field', 'Sydney Pollack', 'Madison Eginton', 'Jackie Sawiris', 'Leslie Lowe', 'Peter Hans Benson', 'Michael Doven', 'Sky du Mont', 'Louise J. Taylor', 'Stewart Thorndike', 'Randall Paul', 'Julienne Davis', 'Lisa Leone', 'Kevin Connealy', 'Marie Richardson', 'Thomas Gibson'];1.6K;289;68;"USA
";13 July 1999;159;4 November 1996;31 January 1998
37;Spotlight;The true story of how the Boston Globe uncovered the massive scandal of child molestation and cover-up within the local Catholic Archdiocese, shaking the entire Catholic Church to its core.;Tom McCarthy;8.1;['Biography', 'Crime', 'Drama'];"['Mark Ruffalo', 'Michael Keaton', 'Rachel McAdams', 'Liev Schreiber', 'John Slattery', ""Brian d'Arcy James"", 'Stanley Tucci', 'Elena Wohl', 'Gene Amoroso', 'Doug Murray', 'Sharon McFarlane', 'Jamey Sheridan', 'Neal Huff', 'Billy Crudup', 'Robert B. Kennedy', 'Duane Murray', 'Brian Chamberlain', 'Michael Cyril Creighton']";661;511;93;"Italy
";3 September 2015;129;;
38;El precio del poder;In 1980 Miami, a determined Cuban immigrant takes over a drug cartel and succumbs to greed.;Brian De Palma;8.3;['Crime', 'Drama'];['Al Pacino', 'Michelle Pfeiffer', 'Steven Bauer', 'Mary Elizabeth Mastrantonio', 'Robert Loggia', 'Miriam Colon', 'F. Murray Abraham', 'Paul Shenar', 'Harris Yulin', 'Ángel Salazar', 'Arnaldo Santana', 'Pepe Serna', 'Michael P. Moran', 'Al Israel', 'Dennis Holahan', 'Mark Margolis', 'Michael Alldredge', 'Ted Beniades'];1.1K;185;65;"USA
";1 December 1983;170;22 November 1982;6 May 1983
39;Bailando con lobos;Lieutenant John Dunbar, assigned to a remote western Civil War outpost, befriends wolves and Indians, making him an intolerable aberration in the military.;Kevin Costner;8.0;['Adventure', 'Drama', 'Western'];"['Kevin Costner', 'Mary McDonnell', 'Graham Greene', 'Rodney A. Grant', ""Floyd 'Red Crow' Westerman"", 'Tantoo Cardinal', 'Robert Pastorelli', 'Charles Rocket', 'Maury Chaykin', 'Jimmy Herman', 'Nathan Lee Chasing His Horse', 'Michael Spears', 'Jason R. Lone Hill', 'Tony Pierce', 'Doris Leader Charge', 'Tom Everett', 'Larry Joshua', 'Kirk Baltz']";510;88;72;"USA
";19 October 1990;181;17 July 1989;21 November 1989
40;Chinatown;A private detective hired to expose an adulterer in 1930s Los Angeles finds himself caught up in a web of deceit, corruption, and murder.;Roman Polanski;8.2;['Drama', 'Mystery', 'Thriller'];"['Jack Nicholson', 'Faye Dunaway', 'John Huston', 'Perry Lopez', 'John Hillerman', 'Darrell Zwerling', 'Diane Ladd', 'Roy Jenson', 'Roman Polanski', 'Richard Bakalyan', 'Joe Mantell', 'Bruce Glover', 'Nandu Hinds', ""James O'Rear"", 'James Hong', 'Beulah Quo', 'Jerry Fujikawa', 'Belinda Palmer']";583;160;92;"USA
";20 June 1974;130;15 October 1973;January 1974
41;Gangs of New York;In 1862, Amsterdam Vallon returns to the Five Points area of New York City seeking revenge against Bill the Butcher, his father's killer.;Martin Scorsese;7.5;['Crime', 'Drama'];['Leonardo DiCaprio', 'Cameron Diaz', 'Daniel Day-Lewis', 'Jim Broadbent', 'John C. Reilly', 'Henry Thomas', 'Liam Neeson', 'Brendan Gleeson', 'Gary Lewis', 'Stephen Graham', 'Eddie Marsan', 'Alec McCowen', 'David Hemmings', 'Lawrence Gilliard Jr.', 'Cara Seymour', 'Roger Ashton-Griffiths', 'Peter-Hugo Daly', 'Cian McCormack'];1.2K;242;72;"USA
";9 December 2002;167;18 December 2000;30 March 2001
42;Pozos de ambición;A story of family, religion, hatred, oil and madness, focusing on a turn-of-the-century prospector in the early days of the business.;Paul Thomas Anderson;8.2;['Drama'];['Daniel Day-Lewis', 'Paul Dano', 'Ciarán Hinds', 'Martin Stringer', 'Matthew Braden Stringer', 'Jacob Stringer', 'Joseph Mussey', 'Barry Del Sherman', 'Harrison Taylor', 'Stockton Taylor', 'Paul F. Tompkins', 'Dillon Freasier', 'Kevin Breznahan', 'Jim Meskimen', 'Erica Sullivan', 'Randall Carver', 'Coco Leigh', 'Sydney McCallister'];1.4K;353;93;"USA
";27 September 2007;158;5 June 2006;25 August 2006
43;El renacido (The Revenant);A frontiersman on a fur trading expedition in the 1820s fights for survival after being mauled by a bear and left for dead by members of his own hunting team.;Alejandro G. Iñárritu;8.0;['Action', 'Adventure', 'Drama'];"['Leonardo DiCaprio', 'Tom Hardy', 'Will Poulter', 'Domhnall Gleeson', 'Forrest Goodluck', 'Paul Anderson', 'Kristoffer Joner', 'Joshua Burge', 'Duane Howard', ""Melaw Nakehk'o"", 'Fabrice Adde', 'Arthur RedCloud', 'Christopher Rosamond', 'Robert Moloney', 'Lukas Haas', 'Brendan Fletcher', 'Tyson Wood', 'McCaleb Burnett']";1.7K;654;76;"USA
";16 December 2015;156;23 September 2014;11 April 2015
44;Braveheart;Scottish warrior William Wallace leads his countrymen in a rebellion to free his homeland from the tyranny of King Edward I of England.;Mel Gibson;8.3;['Biography', 'Drama', 'History'];['Mel Gibson', 'Sophie Marceau', 'Patrick McGoohan', 'Angus Macfadyen', 'James Robinson', 'Sean Lawlor', 'Sandy Nelson', 'James Cosmo', 'Sean McGinley', 'Alan Tall', 'Andrew Weir', 'Gerda Stevenson', 'Ralph Riach', 'Mhairi Calvey', 'Brian Cox', 'Peter Hanly', 'Stephen Billington', 'Barry McGovern'];1.3K;155;68;"USA
";18 May 1995;178;6 June 1994;28 October 1994
45;21 gramos;A freak accident brings together a critically ill mathematician, a grieving mother, and a born-again ex-con.;Alejandro G. Iñárritu;7.6;['Crime', 'Drama', 'Thriller'];['Sean Penn', 'Benicio Del Toro', 'Naomi Watts', 'Danny Huston', 'Carly Nahon', 'Claire Pakis', 'Nick Nichols', 'Charlotte Gainsbourg', 'John Rubinstein', 'Eddie Marsan', 'Loyd Keith Salter', 'Antef A. Harris', 'Melissa Leo', 'Marc Musso', 'Teresa Delgado', 'Trent Dee', 'Tony Guyton', 'Wayne E. Beech Jr.'];584;189;70;"Italy
";5 September 2003;124;5 December 2002;February 2003
46;Seven;Two detectives, a rookie and a veteran, hunt a serial killer who uses the seven deadly sins as his motives.;David Fincher;8.6;['Crime', 'Drama', 'Mystery'];['Morgan Freeman', 'Brad Pitt', 'Kevin Spacey', 'Andrew Kevin Walker', 'Daniel Zacapa', 'Gwyneth Paltrow', 'John Cassini', 'Bob Mack', 'Peter Crombie', 'Reg E. Cathey', 'R. Lee Ermey', 'George Christy', 'Endre Hules', 'Hawthorne James', 'William Davidson', 'Bob Collins', 'Jimmy Dale Hartsell', 'Richard Roundtree'];1.6K;176;65;"USA
";15 September 1995;127;12 December 1994;10 March 1995
47;El hundimiento;Traudl Junge, the final secretary for Adolf Hitler, tells of the Nazi dictator's final days in his Berlin bunker at the end of WWII.;Oliver Hirschbiegel;8.2;[];['Bruno Ganz', 'Alexandra Maria Lara', 'Ulrich Matthes', 'Juliane Köhler', 'Corinna Harfouch', 'Heino Ferch', 'Christian Berkel', 'Matthias Habich', 'Thomas Kretschmann', 'Michael Mendl', 'André Hennicke', 'Ulrich Noethen', 'Birgit Minichmayr', 'Rolf Kanies', 'Justus von Dohnányi', 'Dieter Mann', 'Christian Redl', 'Götz Otto'];662;114;82;"Germany
";8 September 2004;156;September 2003;15 November 2003
48;Mystic River;The lives of three men who were childhood friends are shattered when one of them has a family tragedy.;Clint Eastwood;7.9;['Crime', 'Drama', 'Mystery'];"['Sean Penn', 'Tim Robbins', 'Kevin Bacon', 'Emmy Rossum', 'Laurence Fishburne', 'Marcia Gay Harden', 'Laura Linney', 'Kevin Chapman', 'Tom Guiry', 'Spencer Treat Clark', 'Andrew Mackin', 'Adam Nelson', 'Robert Wahlberg', ""Jenny O'Hara"", 'John Doman', 'Cameron Bowen', 'Jason Kelly', 'Connor Paolo']";1.1K;225;84;"France
";23 May 2003;138;26 September 2002;17 November 2002
49;Érase una vez en América;A former Prohibition-era Jewish gangster returns to the Lower East Side of Manhattan over thirty years later, where he once again must confront the ghosts and regrets of his old life.;Sergio Leone;8.3;['Crime', 'Drama'];['Robert De Niro', 'James Woods', 'Elizabeth McGovern', 'Treat Williams', 'Tuesday Weld', 'Burt Young', 'Joe Pesci', 'Danny Aiello', 'William Forsythe', 'James Hayden', 'Darlanne Fluegel', 'Larry Rapp', 'Dutch Miller', 'Robert Harper', 'Richard Bright', 'Gerard Murphy', 'Amy Ryder', 'Olga Karlatos'];748;138;75;"France
";20 May 1984;229;14 June 1982;22 April 1983
50;Doctor Zhivago;The life of a Russian physician and poet who, although married to another, falls in love with a political activist's wife and experiences hardship during World War I and then the October Revolution.;David Lean;8.0;['Drama', 'Romance', 'War'];['Omar Sharif', 'Julie Christie', 'Geraldine Chaplin', 'Rod Steiger', 'Alec Guinness', 'Tom Courtenay', 'Siobhan McKenna', 'Ralph Richardson', 'Rita Tushingham', 'Jeffrey Rockland', 'Tarek Sharif', 'Bernard Kay', 'Klaus Kinski', 'Gérard Tichy', 'Noel Willman', 'Geoffrey Keen', 'Adrienne Corri', 'Jack MacGowran'];318;107;69;"USA
";22 December 1965;197;December 1964;October 1965
51;Taxi Driver;A mentally unstable veteran works as a nighttime taxi driver in New York City, where the perceived decadence and sleaze fuels his urge for violent action by attempting to liberate a presidential campaign worker and an underage prostitute.;Martin Scorsese;8.2;['Crime', 'Drama'];['Robert De Niro', 'Jodie Foster', 'Cybill Shepherd', 'Albert Brooks', 'Diahnne Abbott', 'Frank Adu', 'Victor Argo', 'Gino Ardito', 'Garth Avery', 'Peter Boyle', 'Harry Cohn', 'Copper Cunningham', 'Brenda Dickson', 'Harry Fischler', 'Nat Grant', 'Leonard Harris', 'Richard Higgs', 'Beau Kayser'];1.2K;303;94;"Mexico
";8 February 1976;114;;
52;Serpico;An honest New York cop named Frank Serpico blows the whistle on rampant corruption in the force only to have his comrades turn against him.;Sidney Lumet;7.7;['Biography', 'Crime', 'Drama'];['Al Pacino', 'John Randolph', 'Jack Kehoe', 'Biff McGuire', 'Barbara Eda-Young', 'Cornelia Sharpe', 'Tony Roberts', 'John Medici', 'Allan Rich', 'Norman Ornellas', 'Edward Grover', 'Albert Henderson', 'Hank Garrett', 'Damien Leake', 'Joseph Bova', 'Gene Gross', 'John Stewart', 'Woodie King Jr.'];218;123;87;"USA
";5 December 1973;130;;
53;Nader y Simin, una separación;A married couple are faced with a difficult decision - to improve the life of their child by moving to another country or to stay in Iran and look after a deteriorating parent who has Alzheimer's disease.;Asghar Farhadi;8.3;['Drama'];"['Payman Maadi', 'Leila Hatami', 'Sareh Bayat', 'Shahab Hosseini', 'Sarina Farhadi', ""Merila Zare'i"", 'Ali-Asghar Shahbazi', 'Babak Karimi', 'Kimia Hosseini', 'Shirin Yazdanbakhsh', 'Sohibanoo Zolqadr', 'Mohammadhasan Asghari', 'Shirin Azimiyannezhad', 'Hamid Dadju', 'Mohammad Ebrahimian', 'Samad Farhang', 'Ali Fattahi', 'Nafise Ghodrati']";410;385;95;"Iran
";1 February 2011;123;;
54;Tiburón;When a killer shark unleashes chaos on a beach community, it's up to a local sheriff, a marine biologist, and an old seafarer to hunt the beast down.;Steven Spielberg;8.0;['Adventure', 'Thriller'];['Roy Scheider', 'Robert Shaw', 'Richard Dreyfuss', 'Lorraine Gary', 'Murray Hamilton', 'Carl Gottlieb', 'Jeffrey Kramer', 'Susan Backlinie', 'Jonathan Filley', 'Ted Grossman', 'Chris Rebello', 'Jay Mello', 'Lee Fierro', 'Jeffrey Voorhees', 'Craig Kingsbury', 'Robert Nevin', 'Peter Benchley', 'Tim Aguirre'];1.3K;283;87;"Canada
";20 June 1975;124;2 May 1974;3 October 1974
55;El truco final (El prestigio);After a tragic accident, two stage magicians in 1890s London engage in a battle to create the ultimate illusion while sacrificing everything they have to outwit each other.;Christopher Nolan;8.5;['Drama', 'Mystery', 'Sci-Fi'];['Christian Bale', 'Hugh Jackman', 'Scarlett Johansson', 'Michael Caine', 'Piper Perabo', 'Rebecca Hall', 'Samantha Mahurin', 'David Bowie', 'Andy Serkis', 'Daniel Davis', 'Jim Piddock', 'Christopher Neame', 'Mark Ryan', 'Roger Rees', 'Jamie Harris', 'Monty Stuart', 'Ron Perkins', 'Ricky Jay'];1.5K;373;66;"Italy
";17 October 2006;130;16 January 2006;9 April 2006
56;El gran hotel Budapest;A writer encounters the owner of an aging high-class hotel, who tells him of his early years serving as a lobby boy in the hotel's glorious years under an exceptional concierge.;Wes Anderson;8.1;['Adventure', 'Comedy', 'Crime'];['Ralph Fiennes', 'F. Murray Abraham', 'Mathieu Amalric', 'Adrien Brody', 'Willem Dafoe', 'Jeff Goldblum', 'Harvey Keitel', 'Jude Law', 'Bill Murray', 'Edward Norton', 'Saoirse Ronan', 'Jason Schwartzman', 'Léa Seydoux', 'Tilda Swinton', 'Tom Wilkinson', 'Owen Wilson', 'Tony Revolori', 'Larry Pine'];961;577;88;"Germany
";6 February 2014;99;14 January 2013;5 April 2013
57;Uno de los nuestros;The story of Henry Hill and his life in the mob, covering his relationship with his wife Karen Hill and his mob partners Jimmy Conway and Tommy DeVito in the Italian-American crime syndicate.;Martin Scorsese;8.7;['Biography', 'Crime', 'Drama'];['Robert De Niro', 'Ray Liotta', 'Joe Pesci', 'Lorraine Bracco', 'Paul Sorvino', 'Frank Sivero', 'Tony Darrow', 'Mike Starr', 'Frank Vincent', 'Chuck Low', 'Frank DiLeo', 'Henny Youngman', 'Gina Mastrogiacomo', 'Catherine Scorsese', 'Charles Scorsese', 'Suzanne Shepherd', 'Debi Mazar', 'Margo Winkler'];1.4K;154;90;"Italy
";9 September 1990;146;3 May 1989;9 August 1989
58;Atrapado por su pasado;A Puerto Rican former convict, just released from prison, pledges to stay away from drugs and violence despite the pressure around him and lead on to a better life outside of N.Y.C.;Brian De Palma;7.9;['Crime', 'Drama', 'Thriller'];['Al Pacino', 'Sean Penn', 'Penelope Ann Miller', 'John Leguizamo', 'Ingrid Rogers', 'Luis Guzmán', 'James Rebhorn', 'Joseph Siravo', 'Viggo Mortensen', 'Richard Foronjy', 'Jorge Porcel', 'Frank Minucci', 'Adrian Pasdar', 'John Ortiz', 'Ángel Salazar', 'Al Israel', 'Rick Aviles', 'Jaime Sánchez'];356;111;65;"USA
";7 November 1993;144;22 March 1993;20 July 1993
59;El puente sobre el río Kwai;British POWs are forced to build a railway bridge across the river Kwai for their Japanese captors, not knowing that the allied forces are planning to destroy it.;David Lean;8.1;['Adventure', 'Drama', 'War'];['William Holden', 'Alec Guinness', 'Jack Hawkins', 'Sessue Hayakawa', 'James Donald', 'Geoffrey Horne', 'André Morell', 'Peter Williams', 'John Boxer', 'Percy Herbert', 'Harold Goodwin', 'Ann Sears', 'Heihachirô Ôkawa', 'Keiichirô Katsumoto', 'M.R.B. Chakrabandhu', 'Vilaiwan Seeboonreaung', 'Ngamta Suphaphongs', 'Javanart Punynchoti'];359;104;87;"UK
";2 October 1957;161;;
60;Green Book;A working-class Italian-American bouncer becomes the driver of an African-American classical pianist on a tour of venues through the 1960s American South.;Peter Farrelly;8.2;['Biography', 'Comedy', 'Drama'];['Viggo Mortensen', 'Mahershala Ali', 'Linda Cardellini', 'Sebastian Maniscalco', 'Dimiter D. Marinov', 'Mike Hatton', 'P.J. Byrne', 'Joe Cortese', 'Maggie Nixon', 'Von Lewis', 'Jon Sortland', 'Don Stark', 'Anthony Mangano', 'Paul Sloan', 'Quinn Duffy', 'Seth Hurwitz', 'Hudson Galloway', 'Gavin Lyle Foley'];1.6K;419;69;"Canada
";11 September 2018;130;;
61;Pequeña Miss Sunshine;A family determined to get their young daughter into the finals of a beauty pageant take a cross-country trip in their VW bus.;Jonathan Dayton;7.8;['Comedy', 'Drama'];['Steve Carell', 'Toni Collette', 'Greg Kinnear', 'Abigail Breslin', 'Paul Dano', 'Alan Arkin', 'Marc Turtletaub', 'Jill Talley', 'Brenda Canela', 'Julio Oscar Mechoso', 'Chuck Loring', 'Justin Shilton', 'Gordon Thomson', 'Steven Christopher Parker', 'Bryan Cranston', 'John Walcutt', 'Paula Newsome', 'Dean Norris'];994;249;80;"USA
";20 January 2006;101;6 June 2005;18 July 2005
62;La ley del silencio;An ex-prize fighter turned New Jersey longshoreman struggles to stand up to his corrupt union bosses, including his older brother, as he starts to connect with the grieving sister of one of the syndicate's victims.;Elia Kazan;8.1;['Crime', 'Drama', 'Thriller'];['Marlon Brando', 'Karl Malden', 'Lee J. Cobb', 'Rod Steiger', 'Pat Henning', 'Leif Erickson', 'James Westerfield', 'Tony Galento', 'Tami Mauriello', 'John F. Hamilton', 'John Heldabrand', 'Rudy Bond', 'Don Blackman', 'Arthur Keegan', 'Abe Simon', 'Eva Marie Saint', 'Martin Balsam', 'Dan Bergin'];367;172;91;"Japan
";22 June 1954;108;17 November 1953;26 January 1954
63;Interstellar;A team of explorers travel through a wormhole in space in an attempt to ensure humanity's survival.;Christopher Nolan;8.6;['Adventure', 'Drama', 'Sci-Fi'];['Matthew McConaughey', 'Anne Hathaway', 'Jessica Chastain', 'Mackenzie Foy', 'Ellen Burstyn', 'John Lithgow', 'Timothée Chalamet', 'David Oyelowo', 'Collette Wolfe', 'Francis X. McCarthy', 'Bill Irwin', 'Andrew Borba', 'Wes Bentley', 'William Devane', 'Michael Caine', 'David Gyasi', 'Josh Stewart', 'Casey Affleck'];4.7K;633;74;"USA
";26 October 2014;169;12 August 2013;19 December 2013
64;Birdman o (La inesperada virtud de la ignorancia);A washed-up superhero actor attempts to revive his fading career by writing, directing, and starring in a Broadway production.;Alejandro G. Iñárritu;7.7;['Comedy', 'Drama'];"['Michael Keaton', 'Zach Galifianakis', 'Edward Norton', 'Andrea Riseborough', 'Emma Stone', 'Kenny Chin', 'Jamahl Garrison-Lowe', 'Naomi Watts', 'Jeremy Shamos', ""Katherine O'Sullivan"", 'Damian Young', 'Keenan Shimizu', 'Akira Ito', 'Natalie Gold', 'Merritt Wever', 'Michael Siberry', 'Clark Middleton', 'Amy Ryan']";1.4K;633;87;"Italy
";27 August 2014;119;13 April 2013;13 May 2013
65;Apocalypto;As the Mayan kingdom faces its decline, a young man is taken on a perilous journey to a world ruled by fear and oppression.;Mel Gibson;7.8;['Action', 'Adventure', 'Drama'];['Gerardo Taracena', 'Raoul Max Trujillo', 'Dalia Hernández', 'Rudy Youngblood', 'Jonathan Brewer', 'Morris Birdyellowhead', 'Carlos Emilio Báez', 'Amilcar Ramírez', 'Israel Contreras', 'Israel Ríos', 'María Isabel Díaz Lago', 'Espiridion Acosta Cache', 'Mayra Serbulo', 'Iazua Larios', 'Lorena Heranandez', 'Itandehui Gutierrez', 'Sayuri Gutierrez', 'Hiram Soto'];1.2K;298;68;"Canada
";8 December 2006;139;;
66;Tres anuncios en las afueras;A mother personally challenges the local authorities to solve her daughter's murder when they fail to catch the culprit.;Martin McDonagh;8.1;['Comedy', 'Crime', 'Drama'];['Frances McDormand', 'Woody Harrelson', 'Sam Rockwell', 'Caleb Landry Jones', 'Kerry Condon', 'Alejandro Barrios', 'Jason Ledford', 'Darrell Britt-Gibson', 'Abbie Cornish', 'Riya May Atwood', 'Selah Atwood', 'Lucas Hedges', 'Zeljko Ivanek', 'Amanda Warren', 'Malaya Rivera Drew', 'Sandy Martin', 'Peter Dinklage', 'Christopher Berry'];1.3K;572;88;"Italy
";4 September 2017;115;;
67;Ciudad de Dios;In the slums of Rio, two kids' paths diverge as one struggles to become a photographer and the other a kingpin.;Fernando Meirelles;8.6;['Crime', 'Drama'];['Alexandre Rodrigues', 'Leandro Firmino', 'Matheus Nachtergaele', 'Phellipe Haagensen', 'Douglas Silva', 'Jonathan Haagensen', 'Seu Jorge', 'Jefechander Suplino', 'Alice Braga', 'Emerson Gomes', 'Edson Oliveira', 'Michel Gomes', 'Roberta Rodrigues', 'Luis Otávio', 'Kiko Marques', 'Gustavo Engrácia', 'Darlan Cunha', 'Robson Rocha'];1K;219;79;"Russia
";  2002;130;;
68;Lo que el viento se llevó;A manipulative woman and a roguish man conduct a turbulent romance during the American Civil War and Reconstruction periods.;Victor Fleming;8.1;['Drama', 'History', 'Romance'];"['Clark Gable', 'Vivien Leigh', 'Thomas Mitchell', ""Barbara O'Neil"", 'Evelyn Keyes', 'Ann Rutherford', 'George Reeves', 'Fred Crane', 'Hattie McDaniel', 'Oscar Polk', 'Butterfly McQueen', 'Victor Jory', 'Everett Brown', 'Howard Hickman', 'Alicia Rhett', 'Leslie Howard', 'Olivia de Havilland', 'Rand Brooks']";923;203;97;"USA
";15 December 1939;238;10 December 1938;11 November 1939
69;Réquiem por un sueño;The drug-induced utopias of four Coney Island people are shattered when their addictions run deep.;Darren Aronofsky;8.3;['Drama'];"['Ellen Burstyn', 'Jared Leto', 'Jennifer Connelly', 'Marlon Wayans', 'Christopher McDonald', 'Louise Lasser', 'Marcia Jean Kurtz', 'Janet Sarno', 'Suzanne Shepherd', 'Joanne Gordon', 'Charlotte Aronofsky', 'Mark Margolis', 'Michael Kaycheck', ""Jack O'Connell"", 'Chas Mastin', 'Ajay Naidu', 'Sean Gullette', 'Samia Shoaib']";2.2K;264;68;"France
";14 May 2000;102;19 April 1999;16 June 1999
70;12 años de esclavitud;In the antebellum United States, Solomon Northup, a free black man from upstate New York, is abducted and sold into slavery.;Steve McQueen;8.1;['Biography', 'Drama', 'History'];['Chiwetel Ejiofor', 'Michael Kenneth Williams', 'Michael Fassbender', 'Brad Pitt', 'Dwight Henry', 'Dickie Gravois', 'Bryan Batt', 'Ashley Dyke', 'Kelsey Scott', 'Quvenzhané Wallis', 'Cameron Zeigler', 'Tony Bentley', 'Scoot McNairy', 'Taran Killam', 'Christopher Berry', 'Bill Camp', 'Mister Mackey Jr.', 'Chris Chalk'];930;490;96;"USA
";30 August 2013;134;25 June 2012;13 August 2012
71;En Terreno Vedado;Ennis and Jack are two shepherds who develop a sexual and emotional relationship. Their relationship becomes complicated when both of them get married to their respective girlfriends.;Ang Lee;7.7;['Drama', 'Romance'];['Jake Gyllenhaal', 'Heath Ledger', 'Michelle Williams', 'Randy Quaid', 'Valerie Planche', 'Dave Trimble', 'Victor Reyes', 'Lachlan Mackintosh', 'Larry Reese', 'Marty Antonini', 'Tom Carey', 'Dan McDougall', 'Don Bland', 'Steven Cree Molison', 'Anne Hathaway', 'Duval Lang', 'Dean Barrett', 'Hannah Stewart'];2.3K;238;87;"Italy
";2 September 2005;134;14 June 2004;15 August 2004
72;Ciudadano Kane;"Following the death of publishing tycoon Charles Foster Kane, reporters scramble to uncover the meaning of his final utterance; 'Rosebud'.";Orson Welles;8.3;['Drama', 'Mystery'];['Orson Welles', 'Joseph Cotten', 'Dorothy Comingore', 'Agnes Moorehead', 'Ruth Warrick', 'Ray Collins', 'Erskine Sanford', 'Everett Sloane', 'William Alland', 'Paul Stewart', 'George Coulouris', 'Fortunio Bonanova', 'Gus Schilling', 'Philip Van Zandt', 'Georgia Backus', 'Harry Shannon', 'Sonny Bupp', 'Buddy Swan'];1.5K;270;100;"USA
";1 May 1941;119;29 June 1940;23 October 1940
73;Largo domingo de noviazgo;Tells the story of a young woman's relentless search for her fiancé, who has disappeared from the trenches of the Somme during World War One.;Jean-Pierre Jeunet;7.6;['Drama', 'Mystery', 'Romance'];['Audrey Tautou', 'Gaspard Ulliel', 'Jodie Foster', 'Dominique Pinon', 'Chantal Neuwirth', 'André Dussollier', 'Ticky Holgado', 'Marion Cotillard', 'Dominique Bettenfeld', 'Jean-Pierre Darroussin', 'Clovis Cornillac', 'Jean-Pierre Becker', 'Denis Lavant', 'Jérôme Kircher', 'Albert Dupontel', 'Jean-Paul Rouve', 'Elina Löwensohn', 'Julie Depardieu'];253;192;76;"Belgium
";27 October 2004;133;25 August 2003;23 January 2004
74;El padrino: Parte III;Follows Michael Corleone, now in his 60s, as he seeks to free his family from crime and find a suitable successor to his empire.;Francis Ford Coppola;7.6;['Crime', 'Drama'];"['Al Pacino', 'Diane Keaton', 'Andy Garcia', 'Talia Shire', 'Eli Wallach', 'Joe Mantegna', 'George Hamilton', 'Bridget Fonda', 'Sofia Coppola', 'Raf Vallone', ""Franc D'Ambrosio"", 'Donal Donnelly', 'Richard Bright', 'Helmut Berger', 'Don Novello', 'John Savage', 'Franco Citti', 'Mario Donatone']";752;132;60;"USA
";20 December 1990;162;27 November 1989;25 May 1990
75;El lobo de Wall Street;Based on the true story of Jordan Belfort, from his rise to a wealthy stock-broker living the high life to his fall involving crime, corruption and the federal government.;Martin Scorsese;8.2;['Biography', 'Crime', 'Drama'];['Leonardo DiCaprio', 'Jonah Hill', 'Margot Robbie', 'Matthew McConaughey', 'Kyle Chandler', 'Rob Reiner', 'Jon Bernthal', 'Jon Favreau', 'Jean Dujardin', 'Joanna Lumley', 'Cristin Milioti', 'Christine Ebersole', 'Shea Whigham', 'Katarina Cas', 'P.J. Byrne', 'Kenneth Choi', 'Brian Sacca', 'Henry Zebrowski'];1.6K;646;75;"France
";9 December 2013;180;25 August 2012;12 January 2013
76;El curioso caso de Benjamin Button;Tells the story of Benjamin Button, a man who starts aging backwards with consequences.;David Fincher;7.8;['Drama', 'Fantasy', 'Romance'];"['Brad Pitt', 'Cate Blanchett', 'Tilda Swinton', 'Julia Ormond', 'Faune Chambers Watkins', 'Elias Koteas', 'Donna Duplantier', 'Jacob Tolano', 'Earl Maddox', 'Ed Metzger', 'Jason Flemyng', 'Danny Vinson', 'David Jensen', 'Joeanna Sayler', 'Taraji P. Henson', 'Mahershala Ali', 'Fiona Hale', ""Patrick Thomas O'Brien""]";1K;323;70;"Australia
";10 December 2008;166;6 November 2006;5 March 2007
77;Deseando amar;Two neighbors form a strong bond after both suspect extramarital activities of their spouses. However, they agree to keep their bond platonic so as not to commit similar wrongs.;Kar-Wai Wong;8.1;['Drama', 'Romance'];"['Tony Chiu-Wai Leung', 'Maggie Cheung', 'Siu Ping-Lam', ""Tung Cho 'Joe' Cheung"", 'Rebecca Pan', 'Kelly Lai Chen', 'Man-Lei Chan', 'Kam-Wah Koo', 'Szu-Ying Chien', 'Paulyn Sun', 'Roy Cheung', 'Po-chun Chow', 'Hsien Yu', 'Julien Carbon', 'Laurent Courtiaud', 'Charles de Gaulle']";460;26;85;"France
";20 May 2000;98;;
78;La leyenda del pianista en el océano;A baby boy, discovered in 1900 on an ocean liner, grows into a musical prodigy, never setting foot on land.;Giuseppe Tornatore;8.1;['Drama', 'Music', 'Romance'];"['Tim Roth', 'Pruitt Taylor Vince', 'Mélanie Thierry', 'Bill Nunn', 'Clarence Williams III', 'Peter Vaughan', ""Niall O'Brien"", 'Alberto Vazquez', 'Gabriele Lavia', 'John Armstead', 'Cory Buck', 'Norman Chancer', 'Sidney Cole', 'Katy Monique Cuomo', 'Luigi De Luca', 'Agostino Di Giorgio', 'Nicola Di Pinto', 'Harry Ditson']";287;64;58;"Italy
";28 October 1998;169;;
79;Una mente maravillosa;After John Nash, a brilliant but asocial mathematician, accepts secret work in cryptography, his life takes a turn for the nightmarish.;Ron Howard;8.2;['Biography', 'Drama'];['Russell Crowe', 'Ed Harris', 'Jennifer Connelly', 'Christopher Plummer', 'Paul Bettany', 'Adam Goldberg', 'Josh Lucas', 'Anthony Rapp', 'Jason Gray-Stanford', 'Judd Hirsch', 'Austin Pendleton', 'Vivien Cardone', 'Jillie Simon', 'Victor Steinbach', 'Tanya Clarke', 'Thomas F. Walsh', 'Jesse Doran', 'Kent Cassella'];1.3K;157;72;"USA
";13 December 2001;135;26 March 2001;July 2001
80;Perdida;With his wife's disappearance having become the focus of an intense media circus, a man sees the spotlight turned on him when it's suspected that he may not be innocent.;David Fincher;8.1;['Drama', 'Mystery', 'Thriller'];['Ben Affleck', 'Rosamund Pike', 'Neil Patrick Harris', 'Tyler Perry', 'Carrie Coon', 'Kim Dickens', 'Patrick Fugit', 'David Clennon', 'Lisa Banes', 'Missi Pyle', 'Emily Ratajkowski', 'Casey Wilson', 'Lola Kirke', 'Boyd Holbrook', 'Sela Ward', 'Lee Norris', 'Jamie McShane', 'Leonard Kelly-Young'];1.6K;633;79;"USA
";26 September 2014;149;;
81;El silencio de los corderos;A young F.B.I. cadet must receive the help of an incarcerated and manipulative cannibal killer to help catch another serial killer, a madman who skins his victims.;Jonathan Demme;8.6;['Crime', 'Drama', 'Thriller'];"['Jodie Foster', 'Anthony Hopkins', 'Lawrence A. Bonney', 'Kasi Lemmons', 'Lawrence T. Wrentz', 'Scott Glenn', 'Anthony Heald', 'Frankie Faison', 'Don Brockett', 'Frank Seals Jr.', 'Stuart Rudin', 'Maria Skorobogatov', 'Jeffrie Lane', 'Leib Lensky', ""George 'Red' Schwartz"", 'Jim Roche', 'Brooke Smith', 'Ted Levine']";1.4K;243;85;"USA
";30 January 1991;118;15 November 1989;1 March 1990
82;El sexto sentido;A frightened, withdrawn Philadelphia boy who communicates with spirits seeks the help of a disheartened child psychologist.;M. Night Shyamalan;8.1;['Drama', 'Mystery', 'Thriller'];['Bruce Willis', 'Haley Joel Osment', 'Toni Collette', 'Olivia Williams', 'Trevor Morgan', 'Donnie Wahlberg', 'Peter Anthony Tambakis', 'Jeffrey Zubernis', 'Bruce Norris', 'Glenn Fitzgerald', 'Greg Wood', 'Mischa Barton', 'Angelica Page', 'Lisa Summerour', 'Firdous Bamji', 'Samia Shoaib', 'Hayden Saunier', 'Janis Dardaris'];2.3K;269;64;"USA
";2 August 1999;107;21 September 1998;13 November 1998
83;Babel;Tragedy strikes a married couple on vacation in the Moroccan desert, touching off an interlocking story involving four different families.;Alejandro G. Iñárritu;7.4;['Drama'];['Brad Pitt', 'Cate Blanchett', 'Gael García Bernal', 'Mohamed Akhzam', 'Peter Wight', 'Harriet Walter', 'Trevor Martin', 'Matyelok Gibbs', 'Georges Bousquet', 'Claudine Acs', 'André Oumansky', 'Michael Maloney', 'Dermot Crowley', 'Wendy Nottingham', 'Henry Maratray', 'Linda Broughton', 'Jean Marc Hulot', 'Aline Mowat'];984;266;69;"France
";23 May 2006;143;2 May 2005;1 December 2005
84;Los odiosos ocho;In the dead of a Wyoming winter, a bounty hunter and his prisoner find shelter in a cabin currently inhabited by a collection of nefarious characters.;Quentin Tarantino;7.8;['Crime', 'Drama', 'Mystery'];['Samuel L. Jackson', 'Kurt Russell', 'Jennifer Jason Leigh', 'Walton Goggins', 'Demián Bichir', 'Tim Roth', 'Michael Madsen', 'Bruce Dern', 'James Parks', 'Dana Gourrier', 'Zoë Bell', 'Lee Horsley', 'Gene Jones', 'Keith Jefferson', 'Craig Stark', 'Belinda Owino', 'Channing Tatum', 'Quentin Tarantino'];1.5K;570;68;"USA
";7 December 2015;168;8 December 2014;25 April 2015
85;El golpe;Two grifters team up to pull off the ultimate con.;George Roy Hill;8.3;['Comedy', 'Crime', 'Drama'];['Paul Newman', 'Robert Redford', 'Robert Shaw', 'Charles Durning', 'Ray Walston', 'Eileen Brennan', 'Harold Gould', 'John Heffernan', 'Dana Elcar', 'Jack Kehoe', 'Dimitra Arliss', 'Robert Earl Jones', 'James Sloyan', 'Charles Dierkop', 'Lee Paul', 'Sally Kirkland', 'Avon Long', 'Arch Johnson'];332;139;83;"Canada
";25 December 1973;129;;
86;12 hombres sin piedad;A jury holdout attempts to prevent a miscarriage of justice by forcing his colleagues to reconsider the evidence.;Sidney Lumet;9.0;['Crime', 'Drama'];['Henry Fonda', 'Lee J. Cobb', 'Martin Balsam', 'John Fiedler', 'E.G. Marshall', 'Jack Klugman', 'Edward Binns', 'Jack Warden', 'Joseph Sweeney', 'Ed Begley', 'George Voskovec', 'Robert Webber', 'Rudy Bond', 'Tom Gorman', 'James Kelly', 'Harold Miller', 'Billy Nelson', 'John Savoca'];1.8K;160;96;"USA
";10 April 1957;96;June 1956;July 1956
87;Slumdog Millionaire;"A Mumbai teenager reflects on his life after being accused of cheating on the Indian version of ""Who Wants to be a Millionaire?"".";Danny Boyle;8.0;['Drama', 'Romance'];['Dev Patel', 'Freida Pinto', 'Saurabh Shukla', 'Anil Kapoor', 'Raj Zutshi', 'Jeneva Talwar', 'Irrfan Khan', 'Azharuddin Mohammed Ismail', 'Ayush Mahesh Khedekar', 'Jira Banjara', 'Sheikh Wali', 'Mahesh Manjrekar', 'Sanchita Choudhary', 'Himanshu Tyagi', 'Sharib Hashmi', 'Virendra Chatterjee', 'Feroze Khan', 'Sunil Kumar Agrawal'];1.2K;420;84;"USA
";30 August 2008;120;;
88;Malena;Amidst the war climate, a teenage boy discovering himself becomes love-stricken by Malèna, a sensual woman living in a small, narrow-minded Italian town.;Giuseppe Tornatore;7.5;['Comedy', 'Drama', 'Romance'];['Monica Bellucci', 'Giuseppe Sulfaro', 'Luciano Federico', 'Matilde Piana', 'Pietro Notarianni', 'Gaetano Aronica', 'Gilberto Idonea', 'Angelo Pellegrino', 'Gabriella Di Luzio', 'Pippo Provvidenti', 'Maria Terranova', 'Marcello Catalano', 'Elisa Morucci', 'Domenico Gennaro', 'Vitalba Andrea', 'Giuseppe Pattavina', 'Franco Catalano', 'Daniele Arena'];275;79;54;"Italy
";26 October 2000;108;27 September 1999;15 March 2000
89;Casablanca;A cynical expatriate American cafe owner struggles to decide whether or not to help his former lover and her fugitive husband escape the Nazis in French Morocco.;Michael Curtiz;8.5;['Drama', 'Romance', 'War'];['Humphrey Bogart', 'Ingrid Bergman', 'Paul Henreid', 'Claude Rains', 'Conrad Veidt', 'Sydney Greenstreet', 'Peter Lorre', 'S.Z. Sakall', 'Madeleine Lebeau', 'Dooley Wilson', 'Joy Page', 'John Qualen', 'Leonid Kinskey', 'Curt Bois', 'Abdullah Abbas', 'Enrique Acosta', 'Ed Agresti', 'Arnet Amos'];1.4K;211;100;"USA
";26 November 1942;102;25 May 1942;3 August 1942
90;American History X;A former neo-nazi skinhead tries to prevent his younger brother from going down the same wrong path that he did.;Tony Kaye;8.5;['Drama'];"['Edward Norton', 'Edward Furlong', ""Beverly D'Angelo"", 'Jennifer Lien', 'Ethan Suplee', 'Fairuza Balk', 'Avery Brooks', 'Elliott Gould', 'Stacy Keach', 'William Russ', 'Guy Torry', 'Joe Cortese', 'Jason Bose Smith', 'Antonio David Lyons', 'Alex Sol', 'Keram Malicki-Sánchez', 'Giuseppe Andrews', 'Michelle Christine White']";1.6K;128;62;"Canada
";1 July 1998;119;17 March 1997;21 May 1997
91;Malditos bastardos;In Nazi-occupied France during World War II, a plan to assassinate Nazi leaders by a group of Jewish U.S. soldiers coincides with a theatre owner's vengeful plans for the same.;Quentin Tarantino;8.3;['Adventure', 'Drama', 'War'];['Brad Pitt', 'Diane Kruger', 'Eli Roth', 'Mélanie Laurent', 'Christoph Waltz', 'Michael Fassbender', 'Daniel Brühl', 'Til Schweiger', 'Gedeon Burkhard', 'Jacky Ido', 'B.J. Novak', 'Omar Doom', 'August Diehl', 'Denis Ménochet', 'Sylvester Groth', 'Martin Wuttke', 'Mike Myers', 'Julie Dreyfus'];2K;407;69;"France
";20 May 2009;153;9 October 2008;6 February 2009
92;Atrápame si puedes;Barely 21 yet, Frank is a skilled forger who has passed as a doctor, lawyer and pilot. FBI agent Carl becomes obsessed with tracking down the con man, who only revels in the pursuit.;Steven Spielberg;8.1;['Biography', 'Crime', 'Drama'];['Leonardo DiCaprio', 'Tom Hanks', 'Christopher Walken', 'Martin Sheen', 'Nathalie Baye', 'Amy Adams', 'James Brolin', 'Brian Howe', 'Frank John Hughes', 'Steve Eastin', 'Chris Ellis', 'John Finn', 'Jennifer Garner', 'Nancy Lenehan', 'Ellen Pompeo', 'Elizabeth Banks', 'Guy Thauvette', 'Candice Azzara'];930;211;75;"USA
";16 December 2002;141;11 February 2002;4 May 2002
93;¡Olvídate de mí!;When their relationship turns sour, a couple undergoes a medical procedure to have each other erased from their memories.;Michel Gondry;8.3;['Drama', 'Romance', 'Sci-Fi'];"['Jim Carrey', 'Kate Winslet', 'Tom Wilkinson', 'Gerry Robert Byrne', 'Elijah Wood', 'Thomas Jay Ryan', 'Mark Ruffalo', 'Jane Adams', 'David Cross', 'Kirsten Dunst', 'Ryan Whitney', 'Debbon Ayer', 'Amir Ali Said', 'Brian Price', 'Paulie Litt', 'Josh Flitter', 'Lola Daehler', ""Deirdre O'Connell""]";1.9K;312;89;"USA
";9 March 2004;108;13 January 2003;3 April 2003
94;Old Boy;After being kidnapped and imprisoned for fifteen years, Oh Dae-Su is released, only to find that he must find his captor in five days.;Park Chan-Wook;8.4;['Action', 'Drama', 'Mystery'];['Choi Min-sik', 'Yoo Ji-Tae', 'Kang Hye-jeong', 'Kim Byeong-Ok', 'Dae-han Ji', 'Dal-su Oh', 'Seung-shin Lee', 'Jin-Seo Yoon', 'Tae-kyung Oh', 'Yoo Yeon-Seok', 'Il-han Oo', 'Young-hee Lee', 'Young-ae Kim', 'Mi Mi Lee', 'Jae-Duk Han', 'Jung Ae Kwak', 'San Kim', 'Chae-soo Jang'];1.1K;343;77;"South Korea
";21 November 2003;120;12 May 2003;2 October 2003
95;La ciudad de las estrellas (La La Land);While navigating their careers in Los Angeles, a pianist and an actress fall in love while attempting to reconcile their aspirations for the future.;Damien Chazelle;8.0;['Comedy', 'Drama', 'Music'];['Ryan Gosling', 'Emma Stone', 'Rosemarie DeWitt', 'J.K. Simmons', 'Amiee Conn', 'Terry Walters', 'Thom Shelton', 'Cinda Adams', 'Callie Hernandez', 'Jessica Rothe', 'Sonoya Mizuno', 'Claudine Claudio', 'Jason Fuchs', 'D.A. Wallach', 'Trevor Lissauer', 'Olivia Hamilton', 'Anna Chazelle', 'Marius De Vries'];1.9K;709;94;"Italy
";31 August 2016;128;;
96;La naranja mecánica;In the future, a sadistic gang leader is imprisoned and volunteers for a conduct-aversion experiment, but it doesn't go as planned.;Stanley Kubrick;8.3;['Crime', 'Drama', 'Sci-Fi'];['Malcolm McDowell', 'Patrick Magee', 'Michael Bates', 'Warren Clarke', 'John Clive', 'Adrienne Corri', 'Carl Duering', 'Paul Farrell', 'Clive Francis', 'Michael Gover', 'Miriam Karlin', 'James Marcus', 'Aubrey Morris', 'Godfrey Quigley', 'Sheila Raynor', 'Madge Ryan', 'John Savident', 'Anthony Sharp'];1.6K;195;77;"Canada
";19 December 1971;136;7 September 1970;February 1971
97;La forma del agua;At a top secret research facility in the 1960s, a lonely janitor forms a unique relationship with an amphibious creature that is being held in captivity.;Guillermo del Toro;7.3;['Adventure', 'Drama', 'Fantasy'];['Sally Hawkins', 'Octavia Spencer', 'Michael Shannon', 'Doug Jones', 'Richard Jenkins', 'Michael Stuhlbarg', 'David Hewlett', 'Nick Searcy', 'Stewart Arnott', 'Nigel Bennett', 'Lauren Lee Smith', 'Martin Roach', 'Allegra Fulton', 'John Kapelos', 'Morgan Kelly', 'Marvin Kaye', 'Dru Viergever', 'Wendy Lyon'];1.7K;1K;87;"Italy
";31 August 2017;123;15 August 2016;6 November 2016
98;JFK: Caso abierto;New Orleans District Attorney Jim Garrison discovers there's more to the Kennedy assassination than the official story.;Oliver Stone;8.0;['Drama', 'History', 'Thriller'];['Kevin Costner', 'Gary Oldman', 'Jack Lemmon', 'Walter Matthau', 'Sally Kirkland', 'Anthony Ramirez', 'Ray LePere', 'Steve Reed', 'Jodie Farber', 'Columbia Dubose', 'Randy Means', 'Jay O. Sanders', 'E.J. Morris', 'Cheryl Penland', 'Jim Gough', 'Perry R. Russo', 'Mike Longman', 'Ed Asner'];524;89;72;"USA
";19 December 1991;189;15 April 1991;31 July 1991
99;Prisioneros;When Keller Dover's daughter and her friend go missing, he takes matters into his own hands as the police pursue multiple leads and the pressure mounts.;Denis Villeneuve;8.1;['Crime', 'Drama', 'Mystery'];['Hugh Jackman', 'Jake Gyllenhaal', 'Viola Davis', 'Melissa Leo', 'Maria Bello', 'Terrence Howard', 'Paul Dano', 'Dylan Minnette', 'Zoë Soul', 'Erin Gerasimovich', 'Kyla-Drew', 'Wayne Duvall', 'Len Cariou', 'David Dastmalchian', 'Brad James', 'Anthony Reynolds', 'Robert C. Treveiler', 'Sandra Ellis Lafferty'];1K;502;70;"USA
";30 August 2013;153;20 February 2013;17 May 2013
